bank_id,overall_score,risk_level,quantile_classification
VCB,38.6617058034299,LOW,HIGH
CTG,37.035561817858515,LOW,HIGH
HDB,36.38447708610768,LOW,HIGH
TCB,35.71651322527307,LOW,MEDIUM
BIDV,34.476772947540844,LOW,MEDIUM
STB,34.29307302751279,LOW,LOW
MBB,32.76672888376888,LOW,LOW
VPB,32.61302410252176,LOW,MINIMAL
ACB,32.39455959823405,LOW,MINIMAL
EIB,30.441591201829027,LOW,MINIMAL
