bank_id,overall_score,risk_level,quantile_classification
CTG,28.618996802148317,MINIMAL,HIGH
VCB,27.968508357052006,MINIMAL,HIGH
HDB,27.70132892595367,MINIMAL,HIGH
TCB,27.67156689063297,MINIMAL,MEDIUM
ACB,27.31357755249544,MINIMAL,MEDIUM
EIB,26.605501054453057,MINIMAL,LOW
VPB,26.076221806664062,MINIMAL,LOW
MBB,25.65510983602189,MINIMAL,MINIMAL
STB,25.164578924889973,MINIMAL,MINIMAL
BIDV,25.064340134114047,MINIMAL,MINIMAL
